CODE;ENGLISH;FRENCH;GERMAN;POLISH;SPANISH;ITALIAN;SWEDISH;CZECH;HUNGARIAN;DUTCH;PORTUGUESE;RUSSIAN;FINNISH;x
USA_1;Alyaska;;;;;;;;;;;;;x
ENG_6;MacKenzie District;;;;;;;;;;;;;x
ENG_9;North-Western Territories;;;;;;;;;;;;;x
CAN_13;Columbia Department;;;;;;;;;;;;;x
ENG_22;Athabasca District;;;;;;;;;;;;;x
ENG_28;Arctic Territories;;;;;;;;;;;;;x
ENG_30;Saskatchewan District;;;;;;;;;;;;;x
ENG_36;Winnipeg District;;;;;;;;;;;;;x
CAN_46;Upper Canada;;;;;;;;;;;;;x
CAN_50;Albany District;;;;;;;;;;;;;x
CAN_58;Lower Canada;;;;;;;;;;;;;x
CAN_60;Eastmain District;;;;;;;;;;;;;x
ENG_68;Trulandi;;;;;;;;;;;;;x
ENG_71;Nova Scotia;;;;;;;;;;;;;x
ENG_74;Newfoundland;;;;;;;;;;;;;x
ENG_75;Labrador District;;;;;;;;;;;;;x
USA_78;Vancouver District;;;;;;;;;;;;;x
USA_81;Champoeg District;;;;;;;;;;;;;x
MEX_85;Alta California;;;;;;;;;;;;;x
USA_91;Clackamas District;;;;;;;;;;;;;x
MEX_94;Gran Cuenca;;;;;;;;;;;;;x
MEX_97;Yuta;;;;;;;;;;;;;x
MEX_100;Pimer�a Alta;;;;;;;;;;;;;x
MEX_103;Nuevo M�xico;;;;;;;;;;;;;x
USA_106;Colorado;;;;;;;;;;;;;x
USA_111;Wyoming;;;;;;;;;;;;;x
USA_116;Montana;;;;;;;;;;;;;x
USA_118;North Dakota;;;;;;;;;;;;;x
USA_121;South Dakota;;;;;;;;;;;;;x
USA_124;Nebraska;;;;;;;;;;;;;x
USA_126;Kenaz;;;;;;;;;;;;;x
USA_129;Indian Country;;;;;;;;;;;;;x
TEX_132;Taysha;;;;;;;;;;;;;x
USA_139;Sigfridsland;;;;;;;;;;;;;x
USA_144;Arkansas;;;;;;;;;;;;;x
USA_148;Missouri;;;;;;;;;;;;;x
USA_151;Iowa;;;;;;;;;;;;;x
USA_158;Minnesota;;;;;;;;;;;;;x
USA_162;Wisconsin;;;;;;;;;;;;;x
USA_168;Illinois;;;;;;;;;;;;;x
USA_170;Sudtrvatn;;;;;;;;;;;;;x
USA_176;Michigan;;;;;;;;;;;;;x
USA_178;Ohio;;;;;;;;;;;;;x
USA_185;Blaugers;;;;;;;;;;;;;x
USA_188;Nieuw Brussels;;;;;;;;;;;;;x
USA_194;Mississippi;;;;;;;;;;;;;x
USA_196;Leuuvangen;;;;;;;;;;;;;x
USA_200;Elysium;;;;;;;;;;;;;x
USA_201;Kusabo;;;;;;;;;;;;;x
ENG_203;Lucayan Islands;;;;;;;;;;;;;x
USA_205;Wassenaar;;;;;;;;;;;;;x
USA_211;Strioen;;;;;;;;;;;;;x
USA_218;Fallandeflod;;;;;;;;;;;;;x
USA_219;Meinwarksted;;;;;;;;;;;;;x
USA_223;Kiestra;;;;;;;;;;;;;x
USA_231;Tsjerke;;;;;;;;;;;;;x
USA_232;Nieuw Amsterdam;;;;;;;;;;;;;x
USA_241;Connecticut;;;;;;;;;;;;;x
USA_243;Waskbearen;;;;;;;;;;;;;x
USA_247;Fjoldtiofan;;;;;;;;;;;;;x
USA_248;Maine;;;;;;;;;;;;;x
DEN_251;Sydgr�nland;;;;;;;;;;;;;x
DEN_252;North Atlantic Islands;;;;;;;;;;;;;x
ENG_254;Ulster;;;;;;;;;;;;;x
ENG_258;Connacht;;;;;;;;;;;;;x
ENG_260;Munster;;;;;;;;;;;;;x
ENG_263;Leinster;;;;;;;;;;;;;x
ENG_266;Highlands;;;;;;;;;;;;;x
ENG_271;Lowlands;;;;;;;;;;;;;x
ENG_273;Wales;;;;;;;;;;;;;x
ENG_277;North West England;;;;;;;;;;;;;x
ENG_280;North England;;;;;;;;;;;;;x
ENG_281;Yorkshire;;;;;;;;;;;;;x
ENG_284;West Midlands;;;;;;;;;;;;;x
ENG_288;North Midlands;;;;;;;;;;;;;x
ENG_291;South Midlands;;;;;;;;;;;;;x
ENG_292;East England;;;;;;;;;;;;;x
ENG_296;South West England;;;;;;;;;;;;;x
ENG_300;South East England;;;;;;;;;;;;;x
ENG_304;Isle of Man;;;;;;;;;;;;;x
ENG_419;Channel Islands;;;;;;;;;;;;;x
SWE_308;Nordnorge;;;;;;;;;;;;;x
SWE_309;Vestlandet;;;;;;;;;;;;;x
SWE_313;Ostlandet;;;;;;;;;;;;;x
SWE_318;Norrland;;;;;;;;;;;;;x
SWE_322;Stockholm;;;;;;;;;;;;;x
SWE_329;G�teborg;;;;;;;;;;;;;x
SWE_332;Sm�land;;;;;;;;;;;;;x
SWE_334;Sk�neland;;;;;;;;;;;;;x
RUS_336;�sterbotten;;;;;;;;;;;;;x
RUS_339;Nyland;;;;;;;;;;;;;x
RUS_343;Egentliga Finland;;;;;;;;;;;;;x
RUS_349;Estland;;;;;;;;;;;;;x
RUS_351;Nord Livland;;;;;;;;;;;;;x
RUS_354;S�d Livland;;;;;;;;;;;;;x
RUS_356;Vitebsk;;;;;;;;;;;;;x
RUS_357;Kurland;;;;;;;;;;;;;x
RUS_360;Vilna;;;;;;;;;;;;;x
RUS_361;Litv�;;;;;;;;;;;;;x
DEN_367;Jylland;;;;;;;;;;;;;x
HOL_369;Holsten;;;;;;;;;;;;;x
SCH_370;Slesvig;;;;;;;;;;;;;x
DEN_372;Sjaelland;;;;;;;;;;;;;x
NET_375;Holland;;;;;;;;;;;;;x
NET_378;Zeeland;;;;;;;;;;;;;x
NET_379;Noord-Brabant;;;;;;;;;;;;;x
NET_381;Limbourg;;;;;;;;;;;;;x
NET_382;Gelderland;;;;;;;;;;;;;x
NET_385;Friesland;;;;;;;;;;;;;x
BEL_387;Brabant;;;;;;;;;;;;;x
BEL_388;Flandre;;;;;;;;;;;;;x
BEL_390;Anvers;;;;;;;;;;;;;x
BEL_394;Hainaut;;;;;;;;;;;;;x
BEL_395;Li�ge-Namur;;;;;;;;;;;;;x
PRU_396;Eupen-Malmedy;;;;;;;;;;;;;x
LUX_397;Luxembourg;;;;;;;;;;;;;x
FRA_404;Artois-Picardie;;;;;;;;;;;;;x
FRA_406;Champagne;;;;;;;;;;;;;x
FRA_411;Lorraine;;;;;;;;;;;;;x
FRA_412;Alsace-Lorraine;;;;;;;;;;;;;x
FRA_418;Normandie;;;;;;;;;;;;;x
FRA_420;Bretagne;;;;;;;;;;;;;x
FRA_425;�le-de-France;;;;;;;;;;;;;x
FRA_428;Bourgogne;;;;;;;;;;;;;x
FRA_432;Franche-Comt�;;;;;;;;;;;;;x
FRA_434;Poitou;;;;;;;;;;;;;x
FRA_435;Anjou-Maine;;;;;;;;;;;;;x
FRA_438;Orl�anais;;;;;;;;;;;;;x
FRA_439;Berry;;;;;;;;;;;;;x
FRA_442;Saintonge;;;;;;;;;;;;;x
FRA_445;Limousin;;;;;;;;;;;;;x
FRA_451;Dauphin�;;;;;;;;;;;;;x
FRA_452;Bourbonnais;;;;;;;;;;;;;x
FRA_455;Guyenne;;;;;;;;;;;;;x
FRA_457;Pyr�n�es;;;;;;;;;;;;;x
FRA_458;Gascogne;;;;;;;;;;;;;x
FRA_461;Languedoc;;;;;;;;;;;;;x
SAR_466;Savoia;;;;;;;;;;;;;x
FRA_467;Provence;;;;;;;;;;;;;x
SAR_472;Contea di Nizza;;;;;;;;;;;;;x
FRA_473;Corse;;;;;;;;;;;;;x
SPA_474;Galicia;;;;;;;;;;;;;x
SPA_477;Asturias-Le�n;;;;;;;;;;;;;x
SPA_479;Castilla la Vieja;;;;;;;;;;;;;x
SPA_484;Extremadura;;;;;;;;;;;;;x
SPA_487;Castilla la Nueva;;;;;;;;;;;;;x
SPA_492;Vasconia;;;;;;;;;;;;;x
SPA_495;Arag�n;;;;;;;;;;;;;x
SPA_498;Catalonia;;;;;;;;;;;;;x
SPA_503;Valencia;;;;;;;;;;;;;x
SPA_506;Murcia;;;;;;;;;;;;;x
SPA_512;Andalucia;;;;;;;;;;;;;x
ENG_517;Gibraltar;;;;;;;;;;;;;x
POR_518;Minho Tr�s-o-Montes;;;;;;;;;;;;;x
POR_520;Douro Beira;;;;;;;;;;;;;x
POR_521;Estremadura;;;;;;;;;;;;;x
POR_525;Alentejo Algarve;;;;;;;;;;;;;x
HAN_528;Hannover;;;;;;;;;;;;;x
HAN_534;Osnabr�ck;;;;;;;;;;;;;x
HAN_540;Oldenburg;;;;;;;;;;;;;x
PRU_544;Mecklenburg;;;;;;;;;;;;;x
PRU_546;Pommern;;;;;;;;;;;;;x
PRU_549;Brandenburg;;;;;;;;;;;;;x
PRU_553;Provinz Sachsen;;;;;;;;;;;;;x
PRU_554;Th�ringen;;;;;;;;;;;;;x
ANH_555;Anhalt;;;;;;;;;;;;;x
SAX_558;K�nigreich Sachsen;;;;;;;;;;;;;x
NAS_564;Hessen-Nassau;;;;;;;;;;;;;x
HES_566;Hessen-Cassel;;;;;;;;;;;;;x
HES_570;Rheinhessen;;;;;;;;;;;;;x
BAV_571;Pfalz;;;;;;;;;;;;;x
PRU_575;Rheinland;;;;;;;;;;;;;x
PRU_578;Nordrhein;;;;;;;;;;;;;x
PRU_581;Westphalen;;;;;;;;;;;;;x
BAD_586;Baden;;;;;;;;;;;;;x
WUR_589;W�rttemberg;;;;;;;;;;;;;x
HOH_594;Hohenzollern;;;;;;;;;;;;;x
BAV_595;Franken;;;;;;;;;;;;;x
BAV_599;Bayern;;;;;;;;;;;;;x
BAV_601;Niederbayern;;;;;;;;;;;;;x
SWI_603;Deutschschweiz;;;;;;;;;;;;;x
SWI_607;Romandie;;;;;;;;;;;;;x
SPA_610;Caroline Islands;;;;;;;;;;;;;x
AUS_612;Tirol;;;;;;;;;;;;;x
AUS_613;K�rnten-Steiermark;;;;;;;;;;;;;x
AUS_614;Vorarlberg;;;;;;;;;;;;;x
AUS_615;Salzburg;;;;;;;;;;;;;x
AUS_619;�sterreich;;;;;;;;;;;;;x
AUS_623;Transdanubien;;;;;;;;;;;;;x
AUS_624;Westungarn;;;;;;;;;;;;;x
AUS_625;B�hmen;;;;;;;;;;;;;x
AUS_626;M�hren;;;;;;;;;;;;;x
AUS_633;Oberungarn;;;;;;;;;;;;;x
AUS_635;Nordungarn;;;;;;;;;;;;;x
AUS_641;Pest-Ofen;;;;;;;;;;;;;x
AUS_647;Kreischgebiet;;;;;;;;;;;;;x
AUS_648;Linkes Theissufer;;;;;;;;;;;;;x
AUS_652;Ostbanat;;;;;;;;;;;;;x
AUS_792;Westbanat;;;;;;;;;;;;;x
AUS_654;Nordsiebenb�rgen;;;;;;;;;;;;;x
AUS_657;S�dsiebenb�rgen;;;;;;;;;;;;;x
HAW_658;Sandwich Islands;;;;;;;;;;;;;x
AUS_662;Ostgalizien;;;;;;;;;;;;;x
AUS_663;Bukowina;;;;;;;;;;;;;x
WAL_665;Muntenia;;;;;;;;;;;;;x
WAL_666;Oltenia;;;;;;;;;;;;;x
MOL_673;Moldova;;;;;;;;;;;;;x
TUR_674;Dobruca;;;;;;;;;;;;;x
MOL_676;Bessarabiya;;;;;;;;;;;;;x
PRU_682;Schlesien;;;;;;;;;;;;;x
PRU_690;Westpreu�en;;;;;;;;;;;;;x
PRU_695;Ostpreu�en;;;;;;;;;;;;;x
PRU_701;Posen;;;;;;;;;;;;;x
AUS_702;Westgalizien;;;;;;;;;;;;;x
RUS_706;Var�ava;;;;;;;;;;;;;x
RUS_708;Plotsk;;;;;;;;;;;;;x
RUS_715;Ljublin;;;;;;;;;;;;;x
RUS_718;Minsk;;;;;;;;;;;;;x
SAR_720;Piemonte;;;;;;;;;;;;;x
SAR_723;Liguria;;;;;;;;;;;;;x
AUS_726;Lombardei;;;;;;;;;;;;;x
AUS_729;Venezien;;;;;;;;;;;;;x
AUS_733;Friuli;;;;;;;;;;;;;x
AUS_734;S�dtirol;;;;;;;;;;;;;x
AUS_736;K�stenland;;;;;;;;;;;;;x
MOD_739;Emilia;;;;;;;;;;;;;x
PAP_741;Romagna;;;;;;;;;;;;;x
TUS_744;Toscana;;;;;;;;;;;;;x
PAP_751;Marche;;;;;;;;;;;;;x
PAP_752;Lazio;;;;;;;;;;;;;x
SIC_753;Puglia;;;;;;;;;;;;;x
SIC_754;Campania;;;;;;;;;;;;;x
SIC_759;Calabria;;;;;;;;;;;;;x
SIC_763;Sicilia;;;;;;;;;;;;;x
SIC_2567;Abruzzo;;;;;;;;;;;;;x
SAR_765;Sardegna;;;;;;;;;;;;;x
AUS_768;Krain;;;;;;;;;;;;;x
AUS_770;Istrien;;;;;;;;;;;;;x
AUS_771;Kroatien;;;;;;;;;;;;;x
AUS_774;Lika;;;;;;;;;;;;;x
AUS_777;Slawonien;;;;;;;;;;;;;x
AUS_780;Dalmatien;;;;;;;;;;;;;x
AUS_3283;Branau;;;;;;;;;;;;;x
TUR_785;Bati Bosna;;;;;;;;;;;;;x
TUR_788;Dogu Bosna;;;;;;;;;;;;;x
TUR_789;Hersek;;;;;;;;;;;;;x
SER_794;Srbija;;;;;;;;;;;;;x
FRA_801;Polynesia;;;;;;;;;;;;;x
TUR_802;Kosovo Vilayet;;;;;;;;;;;;;x
TUR_803;Ni�;;;;;;;;;;;;;x
TUR_804;Yeni Pazar Sancagi;;;;;;;;;;;;;x
TUR_805;Halkidiki;;;;;;;;;;;;;x
TUR_806;Northern Macedonia;;;;;;;;;;;;;x
TUR_809;Eastern Rumeli;;;;;;;;;;;;;x
TUR_810;Eyalet-i Rum-eli;;;;;;;;;;;;;x
TUR_811;Sofya Eyalet;;;;;;;;;;;;;x
TUR_820;Southwestern Macedonia;;;;;;;;;;;;;x
TUR_823;Southeastern Macedonia;;;;;;;;;;;;;x
TUR_824;Yanya;;;;;;;;;;;;;x
GRE_827;Ionian Islands;;;;;;;;;;;;;x
GRE_826;Peloponnisos;;;;;;;;;;;;;x
TUR_830;Western Thrace;;;;;;;;;;;;;x
TUR_832;Tirhala Sanjak;;;;;;;;;;;;;x
GRE_837;Stere� Ell�da;;;;;;;;;;;;;x
EGY_843;Aegean Islands;;;;;;;;;;;;;x
EGY_848;Girit;;;;;;;;;;;;;x
TUR_853;Ilbasan Sancagi;;;;;;;;;;;;;x
ENG_854;Malta;;;;;;;;;;;;;x
TUR_855;Kibris;;;;;;;;;;;;;x
TUR_860;Eastern Thrace;;;;;;;;;;;;;x
TUR_861;Bogazi;;;;;;;;;;;;;x
TUR_863;H�davendig�r;;;;;;;;;;;;;x
TUR_869;Aidin;;;;;;;;;;;;;x
TUR_873;Konya;;;;;;;;;;;;;x
TUR_876;Ankara;;;;;;;;;;;;;x
TUR_882;Trabzon;;;;;;;;;;;;;x
TUR_885;Kars;;;;;;;;;;;;;x
TUR_888;Erzincan;;;;;;;;;;;;;x
TUR_890;Van;;;;;;;;;;;;;x
TUR_2690;Rodop Daglari;;;;;;;;;;;;;x
TUR_893;Diyar-i Bekir Eyalet;;;;;;;;;;;;;x
TUR_894;Adana;;;;;;;;;;;;;x
EGY_897;Aleppo;;;;;;;;;;;;;x
EGY_903;Northern Suriye;;;;;;;;;;;;;x
EGY_910;Southern Suriye;;;;;;;;;;;;;x
EGY_915;Beyrut;;;;;;;;;;;;;x
EGY_921;Kud�s;;;;;;;;;;;;;x
TUR_923;Musul;;;;;;;;;;;;;x
TUR_931;Bagdad;;;;;;;;;;;;;x
TUR_935;Basr�;;;;;;;;;;;;;x
RUS_940;Br�st;;;;;;;;;;;;;x
RUS_943;Smolensk;;;;;;;;;;;;;x
RUS_947;Mogilev;;;;;;;;;;;;;x
AUS_950;Karpatenukraine;;;;;;;;;;;;;x
RUS_954;Podol'ia;;;;;;;;;;;;;x
RUS_958;Kyiv;;;;;;;;;;;;;x
RUS_959;Volyn;;;;;;;;;;;;;x
RUS_962;Chernigov;;;;;;;;;;;;;x
RUS_964;Krym;;;;;;;;;;;;;x
RUS_968;Kherson;;;;;;;;;;;;;x
RUS_973;Tavrida;;;;;;;;;;;;;x
RUS_974;Katerynoslavshchyna;;;;;;;;;;;;;x
RUS_977;Kursk;;;;;;;;;;;;;x
RUS_978;Kharkov;;;;;;;;;;;;;x
RUS_979;Oblast Voyska Donskogo;;;;;;;;;;;;;x
RUS_980;Voronezh;;;;;;;;;;;;;x
RUS_981;Arkhangelsk;;;;;;;;;;;;;x
RUS_984;Kareliya;;;;;;;;;;;;;x
RUS_990;Galich;;;;;;;;;;;;;x
RUS_994;St. Peterburg;;;;;;;;;;;;;x
RUS_998;Tver;;;;;;;;;;;;;x
RUS_1003;Novgorod;;;;;;;;;;;;;x
RUS_1005;Pskov;;;;;;;;;;;;;x
RUS_1008;Moskva;;;;;;;;;;;;;x
RUS_1009;Kaluga;;;;;;;;;;;;;x
RUS_1013;Vladimir;;;;;;;;;;;;;x
RUS_1015;Orlov;;;;;;;;;;;;;x
RUS_1020;Kazan;;;;;;;;;;;;;x
RUS_1023;Kostroma;;;;;;;;;;;;;x
RUS_1025;Tambov;;;;;;;;;;;;;x
RUS_1026;Perm;;;;;;;;;;;;;x
RUS_1028;Vyatkha;;;;;;;;;;;;;x
RUS_1037;Saratov;;;;;;;;;;;;;x
RUS_1041;Astrakhan;;;;;;;;;;;;;x
RUS_1048;Kuban;;;;;;;;;;;;;x
RUS_1052;Dagestan;;;;;;;;;;;;;x
RUS_1060;Orenburzhye;;;;;;;;;;;;;x
RUS_1064;Tobolsk;;;;;;;;;;;;;x
RUS_1065;Yamalia;;;;;;;;;;;;;x
RUS_1069;West Yakutsk;;;;;;;;;;;;;x
RUS_1070;Yeniseysk;;;;;;;;;;;;;x
RUS_1071;Yakutia;;;;;;;;;;;;;x
RUS_1072;Hailanpao;;;;;;;;;;;;;x
RUS_1074;Kamchatka;;;;;;;;;;;;;x
RUS_1075;Irkutsk;;;;;;;;;;;;;x
RUS_1079;Transbaikal;;;;;;;;;;;;;x
CHI_1082;Guanwai;;;;;;;;;;;;;x
JAP_1086;Sakhalin;;;;;;;;;;;;;x
JAP_1088;Ezo;;;;;;;;;;;;;x
RUS_1090;Tiflis;;;;;;;;;;;;;x
AST_1097;Southern Melanesia;;;;;;;;;;;;;x
RUS_1098;Erivan;;;;;;;;;;;;;x
RUS_1102;Baku;;;;;;;;;;;;;x
PER_1112;Azerbaijan;;;;;;;;;;;;;x
PER_1116;Tabaristan;;;;;;;;;;;;;x
PER_1121;Iraq-i Ajam;;;;;;;;;;;;;x
PER_1122;Luristan;;;;;;;;;;;;;x
PER_1127;Isfahan;;;;;;;;;;;;;x
PER_1128;Lorestan;;;;;;;;;;;;;x
PER_1132;Khuzestan;;;;;;;;;;;;;x
PER_1136;Fars;;;;;;;;;;;;;x
PER_1140;Kerman;;;;;;;;;;;;;x
PER_1142;Hormozgan;;;;;;;;;;;;;x
PER_1148;Khorasan;;;;;;;;;;;;;x
HDJ_1151;Hijaz;;;;;;;;;;;;;x
NEJ_1156;Hail;;;;;;;;;;;;;x
NEJ_1157;Nejd;;;;;;;;;;;;;x
ABU_1162;Trucial Coast;;;;;;;;;;;;;x
OMA_1166;Oman;;;;;;;;;;;;;x
YEM_1178;Yemen;;;;;;;;;;;;;x
RUS_1182;Uralsk;;;;;;;;;;;;;x
RUS_1184;Akmolinsk;;;;;;;;;;;;;x
RUS_1185;Zhetysu;;;;;;;;;;;;;x
KOK_1190;Alay;;;;;;;;;;;;;x
KHI_1191;Khiva;;;;;;;;;;;;;x
RUS_1196;Transcaspia;;;;;;;;;;;;;x
TAJ_1208;Tadzhikistan;;;;;;;;;;;;;x
AFG_1209;Pashtunistan;;;;;;;;;;;;;x
AFG_1212;Herat;;;;;;;;;;;;;x
AFG_1214;Kunduz;;;;;;;;;;;;;x
KAL_1221;Baluchistan;;;;;;;;;;;;;x
PAN_1224;Kashmir;;;;;;;;;;;;;x
PAN_1227;Punjab;;;;;;;;;;;;;x
ENG_1236;United Provinces;;;;;;;;;;;;;x
ENG_1247;Bihar;;;;;;;;;;;;;x
ENG_1251;Bengal;;;;;;;;;;;;;x
ENG_1252;East Bengal;;;;;;;;;;;;;x
ENG_1258;Assam;;;;;;;;;;;;;x
ENG_1261;Orissa;;;;;;;;;;;;;x
ENG_1264;Rajputana;;;;;;;;;;;;;x
ENG_1275;Central India;;;;;;;;;;;;;x
NAG_1277;Nagpur;;;;;;;;;;;;;x
HYD_1283;Hyderabad;;;;;;;;;;;;;x
SIN_1288;Sind;;;;;;;;;;;;;x
ENG_1291;Gujarat;;;;;;;;;;;;;x
ENG_1297;Bombay;;;;;;;;;;;;;x
ENG_1304;Madras;;;;;;;;;;;;;x
ENG_1305;Circars;;;;;;;;;;;;;x
MYS_1314;Mysore;;;;;;;;;;;;;x
ENG_1317;Travancore;;;;;;;;;;;;;x
ENG_1321;Ceylon;;;;;;;;;;;;;x
NEP_1327;Himalayas;;;;;;;;;;;;;x
BUR_1330;Pegu;;;;;;;;;;;;;x
BUR_1334;Mandalay;;;;;;;;;;;;;x
BUR_1339;Kachin;;;;;;;;;;;;;x
ENG_1343;Tenasserim;;;;;;;;;;;;;x
SIA_1352;Pattani;;;;;;;;;;;;;x
SIA_1355;Chiang Mai;;;;;;;;;;;;;x
LUA_1356;Laos;;;;;;;;;;;;;x
SIA_1358;Isan;;;;;;;;;;;;;x
SIA_1366;Cambodia;;;;;;;;;;;;;x
DAI_1369;Tonkin;;;;;;;;;;;;;x
DAI_1375;Annam;;;;;;;;;;;;;x
DAI_1380;Cochinchina;;;;;;;;;;;;;x
ENG_1384;Southern Malaya;;;;;;;;;;;;;x
ENG_1391;Northern Malaya;;;;;;;;;;;;;x
SIA_1392;Ayutthaya;;;;;;;;;;;;;x
BRU_1394;West Borneo;;;;;;;;;;;;;x
BRU_1396;Sabah;;;;;;;;;;;;;x
NET_1398;Jambi;;;;;;;;;;;;;x
NET_1401;East Sumatra;;;;;;;;;;;;;x
ATJ_1405;Banda Aceh;;;;;;;;;;;;;x
YEM_1412;Hadhramaut;;;;;;;;;;;;;x
NET_1413;West Java;;;;;;;;;;;;;x
NET_1418;East Java;;;;;;;;;;;;;x
NET_1423;East Borneo;;;;;;;;;;;;;x
NET_1426;South Borneo;;;;;;;;;;;;;x
BAL_1438;Lesser Sunda Islands;;;;;;;;;;;;;x
NET_1446;Timor;;;;;;;;;;;;;x
NET_1447;Moluccas;;;;;;;;;;;;;x
NET_1449;Celebes;;;;;;;;;;;;;x
NET_1451;Western New Guinea;;;;;;;;;;;;;x
SPA_1455;Luzon;;;;;;;;;;;;;x
SPA_1459;Visayas;;;;;;;;;;;;;x
SPA_1463;Mindanao;;;;;;;;;;;;;x
CHI_1465;Eastern Mongolia;;;;;;;;;;;;;x
CHI_1468;Western Mongolia;;;;;;;;;;;;;x
RUS_1469;Tomsk;;;;;;;;;;;;;x
CHI_1470;South Anhui;;;;;;;;;;;;;x
CHI_1477;North Anhui;;;;;;;;;;;;;x
CHI_1479;Fengtian;;;;;;;;;;;;;x
CHI_1482;Fujian;;;;;;;;;;;;;x
CHI_1485;Formosa;;;;;;;;;;;;;x
CHI_1490;Gansu;;;;;;;;;;;;;x
CHI_1493;East Canton;;;;;;;;;;;;;x
CHI_1499;West Canton;;;;;;;;;;;;;x
CHI_1504;Guangxi;;;;;;;;;;;;;x
CHI_1505;Guizhou;;;;;;;;;;;;;x
CHI_1508;East Henan;;;;;;;;;;;;;x
CHI_1510;West Henan;;;;;;;;;;;;;x
CHI_1519;West Hubei;;;;;;;;;;;;;x
CHI_1522;East Hubei;;;;;;;;;;;;;x
CHI_1524;North Hunan;;;;;;;;;;;;;x
CHI_1526;South Hunan;;;;;;;;;;;;;x
CHI_1532;Inner Mongolia;;;;;;;;;;;;;x
CHI_1540;North Jiangsu;;;;;;;;;;;;;x
CHI_1545;North Jiangxi;;;;;;;;;;;;;x
CHI_1547;South Jiangxi;;;;;;;;;;;;;x
CHI_1552;Heilongjiang;;;;;;;;;;;;;x
CHI_1557;Qinghai;;;;;;;;;;;;;x
CHI_1559;Shaanxi;;;;;;;;;;;;;x
CHI_1563;West Shandong;;;;;;;;;;;;;x
CHI_1565;East Shandong;;;;;;;;;;;;;x
CHI_1572;Shanxi;;;;;;;;;;;;;x
CHI_1578;West Sichuan;;;;;;;;;;;;;x
CHI_1579;East Sichuan;;;;;;;;;;;;;x
TIB_1591;Tibetan Plateau;;;;;;;;;;;;;x
CHI_1594;Altishahr;;;;;;;;;;;;;x
CHI_1600;Urumqui;;;;;;;;;;;;;x
CHI_1601;Yunnan;;;;;;;;;;;;;x
CHI_1604;North Zhejiang;;;;;;;;;;;;;x
CHI_1610;South Zhejiang;;;;;;;;;;;;;x
CHI_1612;Baoding;;;;;;;;;;;;;x
CHI_1616;Peking;;;;;;;;;;;;;x
KOR_1619;Pyongyang;;;;;;;;;;;;;x
KOR_1624;Hanseong;;;;;;;;;;;;;x
KOR_1627;Sariwon;;;;;;;;;;;;;x
KOR_1635;Pusan;;;;;;;;;;;;;x
JAP_1640;Chugoku;;;;;;;;;;;;;x
JAP_1649;Kanto;;;;;;;;;;;;;x
JAP_1654;Bonin Islands;;;;;;;;;;;;;x
JAP_1655;Kansai;;;;;;;;;;;;;x
JAP_1660;Kyushu;;;;;;;;;;;;;x
JAP_1665;Shikoku;;;;;;;;;;;;;x
JAP_1672;Tohoku;;;;;;;;;;;;;x
JAP_1675;Chubu;;;;;;;;;;;;;x
JAP_1678;Nansei Islands;;;;;;;;;;;;;x
MOR_1683;Taza;;;;;;;;;;;;;x
MOR_1686;Fez;;;;;;;;;;;;;x
SPA_1689;Ceuta y Melilla;;;;;;;;;;;;;x
MOR_1688;al Rif;;;;;;;;;;;;;x
MOR_1693;Marrakesh;;;;;;;;;;;;;x
MOR_1694;Agadir;;;;;;;;;;;;;x
MOR_1696;Western Sahara;;;;;;;;;;;;;x
FRA_1700;Alger;;;;;;;;;;;;;x
ALD_1704;Oran;;;;;;;;;;;;;x
ALD_1708;Qusantinah;;;;;;;;;;;;;x
ALD_1713;A�n S�fra;;;;;;;;;;;;;x
ALD_1714;B�char;;;;;;;;;;;;;x
ALD_1718;Oasis;;;;;;;;;;;;;x
CLM_1723;Istmo;;;;;;;;;;;;;x
TUN_1726;Tunisia;;;;;;;;;;;;;x
TRI_1731;Tripolitania;;;;;;;;;;;;;x
TRI_1735;Cyrenaica;;;;;;;;;;;;;x
TRI_1740;Fezzan;;;;;;;;;;;;;x
EGY_1745;Cairo;;;;;;;;;;;;;x
EGY_1751;Alexandria;;;;;;;;;;;;;x
EGY_1755;Sinai;;;;;;;;;;;;;x
EGY_1758;Desert;;;;;;;;;;;;;x
EGY_1762;Middle Egypt;;;;;;;;;;;;;x
EGY_1771;Upper Egypt;;;;;;;;;;;;;x
FRA_1775;Trab el Beidan;;;;;;;;;;;;;x
FRA_1783;Senegal;;;;;;;;;;;;;x
FRA_1788;Gambia;;;;;;;;;;;;;x
FRA_1798;Eastern Mali;;;;;;;;;;;;;x
FRA_1801;Western Mali;;;;;;;;;;;;;x
FRA_1803;Timbuktu;;;;;;;;;;;;;x
FRA_1808;Outer Hausaland;;;;;;;;;;;;;x
FRA_1813;Niger;;;;;;;;;;;;;x
ENG_1818;Waddai;;;;;;;;;;;;;x
ENG_1825;Chad;;;;;;;;;;;;;x
EGY_1827;Sudan;;;;;;;;;;;;;x
EGY_1834;Dongola;;;;;;;;;;;;;x
EGY_1838;Kordofan;;;;;;;;;;;;;x
EGY_1842;Darfur;;;;;;;;;;;;;x
ENG_1844;Sudd;;;;;;;;;;;;;x
ENG_1848;Eritrea;;;;;;;;;;;;;x
ETH_1852;Begemder;;;;;;;;;;;;;x
ETH_1853;Tigray;;;;;;;;;;;;;x
ETH_1859;Shoa;;;;;;;;;;;;;x
ETH_1862;Gibe;;;;;;;;;;;;;x
ETH_1865;Hararghe;;;;;;;;;;;;;x
SOM_1868;South Somaliland;;;;;;;;;;;;;x
SOM_1872;North Somaliland;;;;;;;;;;;;;x
FRA_1878;Guinea-Bissau;;;;;;;;;;;;;x
FRA_1882;Kankan;;;;;;;;;;;;;x
FRA_1883;Guinea;;;;;;;;;;;;;x
FRA_1884;Sierra Leone;;;;;;;;;;;;;x
ENG_1887;Grain Coast;;;;;;;;;;;;;x
FRA_1889;Casamance;;;;;;;;;;;;;x
FRA_1892;Ivory Coast;;;;;;;;;;;;;x
FRA_1893;Windward Coast;;;;;;;;;;;;;x
FRA_1901;Houet;;;;;;;;;;;;;x
FRA_1907;Ghana;;;;;;;;;;;;;x
ASH_1909;Gold Coast;;;;;;;;;;;;;x
ASH_1910;Volta;;;;;;;;;;;;;x
FRA_1914;Togo;;;;;;;;;;;;;x
FRA_1919;Dahomey;;;;;;;;;;;;;x
FRA_1923;Yoruba States;;;;;;;;;;;;;x
FRA_1927;Hausaland;;;;;;;;;;;;;x
FRA_1930;Benin;;;;;;;;;;;;;x
SOK_1934;Biafra;;;;;;;;;;;;;x
SOK_1937;Tukari;;;;;;;;;;;;;x
SOK_1945;Kano;;;;;;;;;;;;;x
SPA_1955;Equatorial Guinea;;;;;;;;;;;;;x
ENG_1956;Cameroon;;;;;;;;;;;;;x
SOK_1963;Adamawa;;;;;;;;;;;;;x
FRA_1965;Ubangi-Shari;;;;;;;;;;;;;x
FRA_1970;Bangassou;;;;;;;;;;;;;x
FRA_1972;Gabon;;;;;;;;;;;;;x
BEL_1977;Lower Congo;;;;;;;;;;;;;x
FRA_1978;Middle Congo;;;;;;;;;;;;;x
ENG_1979;Guiana;;;;;;;;;;;;;x
BEL_1984;Kassa�;;;;;;;;;;;;;x
BEL_1987;Lwalaba;;;;;;;;;;;;;x
BEL_1990;Kivu;;;;;;;;;;;;;x
BEL_1992;Lingala;;;;;;;;;;;;;x
BEL_1996;Bangala;;;;;;;;;;;;;x
POR_1999;Luanda;;;;;;;;;;;;;x
POR_2003;Benguela;;;;;;;;;;;;;x
POR_2006;East Angola;;;;;;;;;;;;;x
ENG_2014;Barotseland;;;;;;;;;;;;;x
ENG_2016;Kazembe;;;;;;;;;;;;;x
ENG_2019;Uganda;;;;;;;;;;;;;x
ENG_2024;Kenya;;;;;;;;;;;;;x
ENG_2026;Rift Valley;;;;;;;;;;;;;x
BEL_2034;Ruanda-Urundi;;;;;;;;;;;;;x
ENG_2036;Zanzibar;;;;;;;;;;;;;x
ENG_2039;Lindi;;;;;;;;;;;;;x
ENG_2044;Tanganyika;;;;;;;;;;;;;x
POR_2049;Gaza;;;;;;;;;;;;;x
POR_2053;Zambezia;;;;;;;;;;;;;x
POR_2054;Sofala;;;;;;;;;;;;;x
POR_2060;Mo�ambique;;;;;;;;;;;;;x
ENG_2067;Nyasaland;;;;;;;;;;;;;x
ENG_2068;Mashonaland;;;;;;;;;;;;;x
ENG_2071;Rozwi;;;;;;;;;;;;;x
ENG_2074;Bechuanaland;;;;;;;;;;;;;x
ENG_2078;Hereroland;;;;;;;;;;;;;x
ENG_2083;Namaqualand;;;;;;;;;;;;;x
ENG_2087;Cape Colony;;;;;;;;;;;;;x
ENG_2092;Northern Cape;;;;;;;;;;;;;x
ENG_2094;Griqualand West;;;;;;;;;;;;;x
ENG_2096;Eastern Cape;;;;;;;;;;;;;x
ORA_2103;Basutoland;;;;;;;;;;;;;x
TRN_2108;Tky-Gariep;;;;;;;;;;;;;x
ZUL_2113;Zululand;;;;;;;;;;;;;x
MAD_2117;South Madagascar;;;;;;;;;;;;;x
MAD_2121;North Madagascar;;;;;;;;;;;;;x
ENG_2125;Indian Ocean Islands;;;;;;;;;;;;;x
ENG_2132;South Atlantic Islands;;;;;;;;;;;;;x
POR_2134;Macaronesia;;;;;;;;;;;;;x
MEX_2138;Sonora;;;;;;;;;;;;;x
MEX_2139;Baja California;;;;;;;;;;;;;x
MEX_2142;Chihuahua;;;;;;;;;;;;;x
MEX_2149;Cohauila;;;;;;;;;;;;;x
MEX_2150;Nuevo Le�n-Tamaulipas;;;;;;;;;;;;;x
MEX_2151;Durango;;;;;;;;;;;;;x
MEX_2156;Sinaloa;;;;;;;;;;;;;x
MEX_2158;Zacatecas;;;;;;;;;;;;;x
MEX_2159;Veracruz;;;;;;;;;;;;;x
MEX_2161;Jalisco y Tepic;;;;;;;;;;;;;x
MEX_2167;San Luis Potos�-Guanajuato;;;;;;;;;;;;;x
MEX_2170;Michoac�n-Guerrero;;;;;;;;;;;;;x
MEX_2172;M�xico;;;;;;;;;;;;;x
MEX_2175;Puebla-Tlaxcala;;;;;;;;;;;;;x
MEX_2177;Oaxaca;;;;;;;;;;;;;x
MEX_2181;Chiapas-Tabasco;;;;;;;;;;;;;x
MEX_2183;Yucat�n;;;;;;;;;;;;;x
UCA_2186;Guatemala;;;;;;;;;;;;;x
ENG_2187;Belize;;;;;;;;;;;;;x
UCA_2191;San Salvador;;;;;;;;;;;;;x
UCA_2193;Honduras;;;;;;;;;;;;;x
UCA_2197;Nicaragua;;;;;;;;;;;;;x
UCA_2201;Costa Rica;;;;;;;;;;;;;x
SPA_2209;Cuba;;;;;;;;;;;;;x
HAI_2213;Hispaniola;;;;;;;;;;;;;x
ENG_2217;Greater Antilles;;;;;;;;;;;;;x
CHI_2221;South Jiangsu;;;;;;;;;;;;;x
ENG_2224;Leeward Islands;;;;;;;;;;;;;x
ENG_2228;Windward Islands;;;;;;;;;;;;;x
VNZ_2234;Lago de Maracaibo;;;;;;;;;;;;;x
NET_2235;Leeward Antilles;;;;;;;;;;;;;x
NET_2240;Suriname;;;;;;;;;;;;;x
FRA_2241;Guyane;;;;;;;;;;;;;x
AST_2244;Christmas & Cocos Islands;;;;;;;;;;;;;x
CLM_2247;Cundinamarca;;;;;;;;;;;;;x
CLM_2251;Magdalena;;;;;;;;;;;;;x
CLM_2259;Cauca;;;;;;;;;;;;;x
CLM_2262;Boyac�;;;;;;;;;;;;;x
VNZ_2264;Caracas;;;;;;;;;;;;;x
VNZ_2265;Los Llanos;;;;;;;;;;;;;x
VNZ_2269;Orinoco;;;;;;;;;;;;;x
VNZ_2278;Amazonas-Bolivar;;;;;;;;;;;;;x
ECU_2279;Quito;;;;;;;;;;;;;x
ECU_2280;Guayaquil;;;;;;;;;;;;;x
PEU_2289;Loreto;;;;;;;;;;;;;x
PEU_2291;Trujillo;;;;;;;;;;;;;x
PEU_2296;Huancavelica;;;;;;;;;;;;;x
PEU_2297;Cusco;;;;;;;;;;;;;x
PEU_2300;Lima;;;;;;;;;;;;;x
PEU_2301;Ucayali & Pando;;;;;;;;;;;;;x
PEU_2303;Arequipa;;;;;;;;;;;;;x
BRZ_2306;S�o Paulo;;;;;;;;;;;;;x
BOL_2309;Atacama;;;;;;;;;;;;;x
BOL_2313;Chuquisaca-Cochabamba;;;;;;;;;;;;;x
BOL_2314;Potos�;;;;;;;;;;;;;x
BOL_2317;Santa Cruz;;;;;;;;;;;;;x
BOL_2321;La Paz;;;;;;;;;;;;;x
CHL_2322;Coquimbo;;;;;;;;;;;;;x
CHL_2327;Norte de Chile;;;;;;;;;;;;;x
CHL_2330;Concepc�on;;;;;;;;;;;;;x
CHL_2332;Santiago;;;;;;;;;;;;;x
CHL_2333;Magallanes;;;;;;;;;;;;;x
CHL_2334;Araucan�a;;;;;;;;;;;;;x
PRG_2338;Chaco Boreal;;;;;;;;;;;;;x
PRG_2343;Paraguay;;;;;;;;;;;;;x
URU_2344;Banda Oriental;;;;;;;;;;;;;x
ARG_2355;Buenos Aires;;;;;;;;;;;;;x
ARG_2356;Corrientes;;;;;;;;;;;;;x
ARG_2360;Entre R�os;;;;;;;;;;;;;x
ARG_2363;Santa Fe;;;;;;;;;;;;;x
ARG_2366;Chaco Central;;;;;;;;;;;;;x
ARG_2369;Salta-Jujuy;;;;;;;;;;;;;x
ARG_2374;Tucum�n-Catamarca;;;;;;;;;;;;;x
ARG_2376;Santiago del Estero;;;;;;;;;;;;;x
ARG_2377;Chaco Austral;;;;;;;;;;;;;x
ARG_2383;San Luis;;;;;;;;;;;;;x
ARG_2384;C�rdoba;;;;;;;;;;;;;x
ARG_2385;La Rioja;;;;;;;;;;;;;x
ARG_2387;San Juan;;;;;;;;;;;;;x
ARG_2389;Mendoza;;;;;;;;;;;;;x
ARG_2391;R�o Negro;;;;;;;;;;;;;x
ARG_2393;La Pampa;;;;;;;;;;;;;x
ARG_2398;Patagonia;;;;;;;;;;;;;x
ARG_2400;Tierra del Fuego;;;;;;;;;;;;;x
BRZ_2401;Amazonas;;;;;;;;;;;;;x
BRZ_2408;Par�;;;;;;;;;;;;;x
BRZ_2410;Maranh�o;;;;;;;;;;;;;x
BRZ_2416;Mato Grosso;;;;;;;;;;;;;x
BRZ_2421;Goi�s;;;;;;;;;;;;;x
BRZ_2426;Piau�;;;;;;;;;;;;;x
BRZ_2428;Rio Grande do Norte-Para�ba;;;;;;;;;;;;;x
BRZ_2429;Cear�;;;;;;;;;;;;;x
BRZ_2432;Pernambuco;;;;;;;;;;;;;x
BRZ_2439;Bahia;;;;;;;;;;;;;x
BRZ_2446;Minas Gerais;;;;;;;;;;;;;x
BRZ_2447;Rio de Janeiro;;;;;;;;;;;;;x
AST_2454;Fiji Islands;;;;;;;;;;;;;x
BRZ_2461;Santa Catarina;;;;;;;;;;;;;x
BRZ_2462;Paran�;;;;;;;;;;;;;x
BRZ_2467;Rio Grande do Sul;;;;;;;;;;;;;x
ENG_2468;New South Wales;;;;;;;;;;;;;x
ENG_2476;Victoria;;;;;;;;;;;;;x
ENG_2483;Queensland;;;;;;;;;;;;;x
ENG_2491;South Australia;;;;;;;;;;;;;x
ENG_2497;Western Australia;;;;;;;;;;;;;x
ENG_2505;Northern Territory;;;;;;;;;;;;;x
ENG_2509;North Island;;;;;;;;;;;;;x
ENG_2513;South Island;;;;;;;;;;;;;x
SPA_2517;Mariana Islands;;;;;;;;;;;;;x
ENG_2520;Northern Polynesia;;;;;;;;;;;;;x
GER_2522;Marshall Islands;;;;;;;;;;;;;x
ENG_2527;Gilbert & Ellice Islands;;;;;;;;;;;;;x
AST_2528;Southern New Guinea;;;;;;;;;;;;;x
GER_2530;Northern New Guinea;;;;;;;;;;;;;x
AST_2534;Southern Solomon Islands;;;;;;;;;;;;;x
AUS_2538;Batschka;;;;;;;;;;;;;x
GER_2537;New Britain Archipelago;;;;;;;;;;;;;x
GER_2539;Northern Solomon Islands;;;;;;;;;;;;;x
TON_2540;Tonga Islands;;;;;;;;;;;;;x
USA_2543;Navigator Islands;;;;;;;;;;;;;x
BRZ_2549;Acre;;;;;;;;;;;;;x
ENG_2552;Southern Polynesia;;;;;;;;;;;;;x
ARG_2554;Misiones Occidentales;;;;;;;;;;;;;x
USA_2556;Nantwig;;;;;;;;;;;;;x
HES_2560;Hessen-Wiesbaden;;;;;;;;;;;;;x
SWI_2568;Svizzera Italiana;;;;;;;;;;;;;x
MON_2582;Karadag;;;;;;;;;;;;;x
RUS_2589;Nenetsia;;;;;;;;;;;;;x
RUS_2590;Chukotka;;;;;;;;;;;;;x
RUS_2615;Northern Yeniseysk;;;;;;;;;;;;;x
RUS_2618;Magadan;;;;;;;;;;;;;x
RUS_2621;Kolyma;;;;;;;;;;;;;x
DEN_2636;Gr�nland;;;;;;;;;;;;;x
RUS_2653;Khanty-Mansi;;;;;;;;;;;;;x
RUS_2668;North Yakutsk;;;;;;;;;;;;;x
RUS_2685;Ural;;;;;;;;;;;;;x
RUS_2694;Evenkiysk;;;;;;;;;;;;;x
CHI_3315;South China Sea Islands;;;;;;;;;;;;;x
TUR_3365;G�rice;;;;;;;;;;;;;x
MON_3433;Cattaro;;;;;;;;;;;;;x
DEN_3434;Nordgr�nland;;;;;;;;;;;;;x
